Date,SPY,SPYOP
38352,120.87,121.3
38355,120.3,121.56
38356,118.83,120.46
38357,118.01,118.74
38358,118.61,118.44
38359,118.44,118.97
38362,119,118.34
38363,118.18,118.64
38364,118.57,118.4
38365,117.62,118.64
38366,118.24,117.97
38370,119.47,118.05
38371,118.22,119.43
38372,117.5,117.89
38373,116.78,117.79
38376,116.55,117.09
38377,116.88,116.91
38378,117.23,117.32
38379,117.43,117.19
38380,117.43,117.49
38383,118.16,117.97
38384,118.91,118.25
38385,119.27,119.06
38386,119.11,119.06
38387,120.23,119
38390,120.07,120.22
38391,120.21,120.17
38392,119.31,120.42
38393,119.74,119.66
38394,120.77,119.71
38397,120.68,120.69
38398,121.13,120.8
38399,121.21,120.93
38400,120.23,121.23
38401,120.39,120.17
38405,118.6,119.9
38406,119.45,118.97
38407,120.24,119.24
38408,121.43,120.27
38411,120.63,121.15
38412,121.23,120.78
38413,121.17,120.76
38414,121.22,121.66
38415,122.73,122.05
38418,122.79,122.66
38419,122.33,122.67
38420,120.97,121.97
38421,121.24,121.2
38422,120.39,121.31
38425,121.14,120.61
38426,120.14,121.42
38427,119.12,119.7
38428,119.36,119.31
38429,118.54,119.11
38432,118.1,118.71
38433,116.9,118.37
38434,117,116.945
38435,117.14,117.46
38439,117.31,117.42
38440,116.53,117.14
38441,118.18,116.78
38442,117.96,118.19
38443,117.43,118.63
38446,117.63,117.36
38447,118.19,117.78
38448,118.6,118.45
38449,119.24,118.41
38450,118,119.17
38453,118.09,118.29
38454,118.7,117.89
38455,117.3,118.56
38456,115.77,117.44
38457,114.15,115.74
38460,114.5,114.12
38461,115.41,115.1
38462,113.8,115.4
38463,116.01,114.79
38464,115.57,115.74
38467,116.33,115.86
38468,115.2,115.96
38469,115.65,114.86
38470,114.2,115.27
38471,115.75,115.07
38474,116.4,116.07
38475,116.6,116.07
38476,117.5,116.65
38477,117.46,117.67
38478,117.09,117.93
38481,117.82,117.21
38482,116.6,117.36
38483,117.24,116.93
38484,115.95,117.32
38485,115.72,116.3
38488,116.8,115.7
38489,117.58,116.43
38490,118.79,118.07
38491,119.29,119.02
38492,119.12,119.34
38495,119.78,119.21
38496,119.5,119.44
38497,119.41,119.35
38498,120.05,119.79
38499,120.25,120.06
38503,119.5,120.1
38504,120.5,119.52
38505,120.76,120.23
38506,120.15,120.55
38509,120.04,120.02
38510,120.13,120.39
38511,119.91,120.43
38512,120.48,119.74
38513,120.2,120.56
38516,120.58,119.94
38517,120.86,120.45
38518,121.09,121.16
38519,121.4,121.09
38520,121.36,121.54
38523,121.4,121.08
38524,121.47,121.5
38525,121.57,121.68
38526,119.86,121.32
38527,118.98,119.88
38530,119.15,118.97
38531,120.15,119.4
38532,119.83,120.37
38533,119.18,120.22
38534,119.53,119.45
38538,120.49,119.25
38539,119.48,120.39
38540,119.95,118.29
38541,121.32,119.97
38544,121.94,121.33
38545,122.26,121.89
38546,122.43,122.27
38547,122.91,122.98
38548,122.84,122.79
38551,122.35,122.5
38552,123.02,122.71
38553,123.44,122.59
38554,122.72,123.55
38555,123.54,122.88
38558,123.19,123.41
38559,123.34,123.23
38560,123.79,123.5
38561,124.57,123.99
38562,123.74,124.41
38565,123.65,123.83
38566,124.39,123.87
38567,124.72,124.25
38568,123.72,124.23
38569,122.88,123.45
38572,122.65,123.17
38573,123.39,123.06
38574,123.33,123.82
38575,123.82,123.27
38576,123.06,123.57
38579,123.82,123.22
38580,122.21,123.44
38581,122.2,122.19
38582,122.19,122.05
38583,122.47,122.63
38586,122.47,122.58
38587,122.24,122.5
38588,121.15,121.94
38589,121.59,121.35
38590,120.76,121.48
38593,121.69,120.41
38594,121.05,121.25
38595,122.58,121.19
38596,122.49,122.51
38597,122.27,122.85
38601,123.7,122.66
38602,123.91,123.63
38603,123.5,123.66
38604,124.6,123.83
38607,124.35,124.45
38608,123.66,124.13
38609,123.21,123.75
38610,123.15,123.51
38611,123.5,123.28
38614,123.09,123.47
38615,122.05,123.21
38616,120.91,121.79
38617,121.34,120.95
38618,121.44,121.24
38621,121.58,122.02
38622,121.55,121.52
38623,121.67,121.91
38624,122.66,121.55
38625,123.04,122.62
38628,122.6,122.96
38629,121.22,122.79
38630,119.63,121.29
38631,119.2,119.78
38632,119.61,119.7
38635,118.6,119.68
38636,118.43,118.99
38637,117.5,118.39
38638,117.43,117.46
38639,118.67,118.12
38642,119.11,118.77
38643,117.82,118.94
38644,119.78,117.56
38645,117.67,119.49
38646,118.13,118.29
38649,119.96,118.44
38650,119.72,119.72
38651,119.37,119.51
38652,118.1,119.2
38653,119.8,118.43
38656,120.13,120.29
38657,120.49,120.58
38658,121.75,120.17
38659,122.27,122.15
38660,122.11,122.4
38663,122.23,122.4
38664,122.23,121.95
38665,122.39,122.08
38666,123.34,122.34
38667,123.76,123.35
38670,123.69,123.76
38671,123.24,123.58
38672,123.49,123.37
38673,124.64,123.75
38674,125.13,125.04
38677,125.76,125.15
38678,126.3,125.56
38679,127.03,126.25
38681,127.13,126.98
38684,126.23,127.25
38685,126.09,126.65
38686,125.41,126.16
38687,126.69,126.02
38688,126.85,126.77
38691,126.58,126.64
38692,126.82,127.05
38693,126.08,126.79
38694,126,126.22
38695,126.33,126.16
38698,126.45,126.71
38699,127.31,126.4
38700,127.81,127.19
38701,127.44,127.84
38702,126.36,127.27
38705,125.71,126.73
38706,125.83,125.86
38707,126.03,126.17
38708,126.69,126.31
38709,126.76,126.79
38713,125.47,126.92
38714,125.75,125.74
38715,125.19,125.72
38716,124.51,124.8
38720,126.7,125.1
38721,127.3,126.86
38722,127.38,127.17
38723,128.44,128.04
38726,128.77,128.42
38727,128.9,128.39
38728,129.31,129.02
38729,128.8,129.08
38730,128.68,128.57
38734,128.33,128.2
38735,127.82,127.58
38736,128.31,128.09
38737,125.97,128.28
38740,126.42,126.21
38741,126.55,126.63
38742,126.66,127.04
38743,127.36,127.28
38744,128.54,127.66
38747,128.44,128.44
38748,127.5,128.32
38749,128.39,127.82
38750,126.9,128.1
38751,126.27,126.58
38754,126.6,126.44
38755,125.48,126.38
38756,126.62,125.88
38757,126.41,126.92
38758,126.64,126.43
38761,126.41,126.57
38762,127.75,126.46
38763,128.2,127.66
38764,129.16,128.34
38765,128.81,129.09
38769,128.49,129.12
38770,129.27,128.77
38771,129.08,129.27
38772,129.41,129.11
38775,129.46,129.4
38776,128.23,129.2
38777,129.37,128.6
38778,129.36,128.9
38779,128.76,128.66
38782,128.17,129.14
38783,127.97,127.92
38784,128.24,127.7
38785,127.38,128.33
38786,128.59,127.72
38789,128.83,128.84
38790,130.18,128.71
38791,130.76,130.15
38792,131.03,130.98
38793,130.62,130.68
38796,130.41,130.64
38797,129.59,130.34
38798,130.38,129.51
38799,130.11,130.24
38800,130.21,129.99
38803,130.02,130.03
38804,129.22,129.93
38805,130.03,129.41
38806,129.8,130.11
38807,129.83,130.02
38810,129.73,130.07
38811,130.56,129.72
38812,131.01,130.61
38813,130.87,130.85
38814,129.54,131.06
38817,129.74,129.71
38818,128.64,129.85
38819,128.88,128.77
38820,128.71,128.59
38824,128.66,128.79
38825,130.7,128.95
38826,130.95,130.72
38827,131.13,131
38828,131.15,131.73
38831,130.91,130.93
38832,130.37,131.04
38833,130.4,130.5
38834,131.03,129.9
38835,131.47,130.79
38838,130.4,131.47
38839,131.38,131.01
38840,130.89,131.22
38841,131.36,131.08
38842,132.52,132.05
38845,132.36,132.51
38846,132.62,132.42
38847,132.55,132.41
38848,130.95,132.51
38849,129.24,130.48
38852,129.5,128.79
38853,129.31,129.76
38854,126.85,128.67
38855,126.21,127.38
38856,127.1,126.87
38859,126.13,126.28
38860,125.17,127.18
38861,126.17,125.68
38862,127.73,126.92
38863,128.38,128
38867,126.1,127.97
38868,127.51,126.58
38869,128.73,127.38
38870,129,129.25
38873,127.12,128.79
38874,126.81,127.21
38875,125.86,126.91
38876,125.75,125.58
38877,125.35,126.36
38880,123.99,125.88
38881,122.55,123.78
38882,123.5,122.84
38883,126.12,123.92
38884,124.65,125.19
38887,123.67,125.4
38888,124.09,124.01
38889,125.01,124
38890,124.46,124.95
38891,124.44,124.33
38894,124.99,124.54
38895,123.91,125.01
38896,124.75,124.19
38897,127.27,125.2
38898,127.23,127.47
38901,127.8,127.43
38903,127.07,127.29
38904,127.44,127.2
38905,126.61,127.19
38908,126.85,126.94
38909,127.41,126.61
38910,126.05,127.21
38911,124,125.5
38912,123.52,124.16
38915,123.34,123.5
38916,123.97,123.74
38917,125.69,124.18
38918,124.83,126.12
38919,123.95,125.15
38922,126.21,124.44
38923,126.66,125.98
38924,126.83,126.59
38925,126.71,127.33
38926,127.98,126.99
38929,127.85,127.66
38930,127.22,127.34
38931,128.08,127.58
38932,128.42,127.33
38933,128.2,129.06
38936,127.95,127.9
38937,127.41,128.09
38938,126.98,128.2
38939,127.37,126.53
38940,127.01,127.17
38943,127.11,127.63
38944,128.63,128.21
38945,129.79,129.32
38946,130.03,129.58
38947,130.69,130.19
38950,130.13,130.18
38951,130.12,129.94
38952,129.76,130.18
38953,129.65,129.99
38954,129.81,129.64
38957,130.43,129.65
38958,130.58,130.49
38959,130.66,130.87
38960,130.64,130.85
38961,131.42,131.14
38965,131.67,131.51
38966,130.51,131.11
38967,129.91,130.06
38968,130.28,130.08
38971,130.41,129.86
38972,131.69,130.56
38973,132.22,131.64
38974,132.23,131.96
38975,131.96,132.31
38978,132.14,131.79
38979,131.81,132.12
38980,132.51,132.25
38981,131.87,132.61
38982,131.47,131.67
38985,132.48,131.73
38986,133.58,132.5
38987,133.74,133.49
38988,133.69,133.74
38989,133.58,133.8
38992,133.08,133.54
38993,133.36,132.89
38994,134.92,133.23
38995,135.18,134.92
38996,135.01,134.95
38999,135.09,134.85
39000,135.27,135.11
39001,135.11,134.84
39002,136.28,135.45
39003,136.63,136.16
39006,136.84,136.52
39007,136.41,136.47
39008,136.59,137.04
39009,136.81,136.39
39010,136.84,136.81
39013,137.47,136.56
39014,137.88,137.28
39015,138.35,137.74
39016,138.78,138.66
39017,137.91,138.61
39020,137.81,137.66
39021,137.79,138.07
39022,136.86,138.22
39023,136.78,136.51
39024,136.54,137.27
39027,138.08,136.96
39028,138.61,138.2
39029,138.91,138
39030,138.18,139.01
39031,138.24,138.14
39034,138.58,138.18
39035,139.62,138.97
39036,140.02,139.57
39037,140.38,140.44
39038,140.42,139.93
39041,140.5,140.3
39042,140.64,140.49
39043,140.92,140.75
39045,140.35,140.24
39048,138.42,140.28
39049,139.02,138.24
39050,140.47,139.47
39051,140.53,140.44
39052,140.22,140.53
39055,141.29,140.25
39056,141.9,141.56
39057,141.78,141.87
39058,141.16,142.03
39059,141.42,141.13
39062,141.83,141.42
39063,141.72,141.69
39064,141.87,142.23
39065,143.12,141.86
39066,142.34,142.64
39069,141.95,142.54
39070,142.22,141.55
39071,142.14,142.28
39072,141.62,142.27
39073,140.75,141.64
39077,141.58,140.81
39078,142.51,141.87
39079,142.21,142.41
39080,141.62,142.1
39085,141.37,142.25
39086,141.67,141.23
39087,140.54,141.33
39090,141.19,140.82
39091,141.07,141.31
39092,141.54,140.58
39093,142.16,141.56
39094,143.24,142.12
39098,142.96,143.07
39099,143.02,142.85
39100,142.54,143.17
39101,142.82,142.54
39104,142.38,143.07
39105,142.8,142.26
39106,143.95,142.97
39107,142.26,143.84
39108,142.16,142.57
39111,142.05,142.19
39112,142.79,142.35
39113,143.75,142.63
39114,144.61,144.15
39115,144.81,144.73
39118,144.85,144.7
39119,144.89,144.97
39120,145.21,145.12
39121,145.02,144.78
39122,143.94,145.06
39125,143.45,143.94
39126,144.66,143.77
39127,145.61,144.8
39128,145.8,145.67
39129,145.73,145.44
39133,146.04,145.56
39134,145.98,145.61
39135,145.87,146.05
39136,145.3,145.74
39139,145.17,145.83
39140,139.5,143.88
39141,140.93,140.39
39142,140.51,139.34
39143,138.67,140.05
39146,137.35,137.93
39147,139.7,138.78
39148,139.56,139.59
39149,140.74,140.54
39150,140.78,141.31
39153,140.99,140.42
39154,138.25,140.18
39155,139.28,138.43
39156,139.47,138.97
39157,138.53,139.31
39160,140.2,139.26
39161,140.97,140.08
39162,143.29,141.1
39163,143.18,143.48
39164,143.39,143.29
39167,143.2,143.5
39168,142.86,143.12
39169,141.82,142.14
39170,141.97,142.54
39171,142,142.24
39174,142.16,142.16
39175,143.69,142.97
39176,143.85,143.69
39177,144.24,143.67
39181,144.44,144.65
39182,144.61,144.33
39183,144.02,144.82
39184,144.66,143.74
39185,145.32,144.9
39188,146.7,145.83
39189,147.09,146.97
39190,147.27,146.6
39191,147.23,146.55
39192,148.62,148.22
39195,148.06,148.37
39196,148.12,148.23
39197,149.48,148.73
39198,149.65,149.49
39199,149.53,149.09
39202,148.29,149.64
39203,148.67,148.42
39204,149.54,148.9
39205,150.35,149.97
39206,150.92,150.75
39209,150.95,150.88
39210,150.75,150.58
39211,151.16,150.64
39212,149.58,150.73
39213,150.86,149.75
39216,150.53,150.86
39217,150.57,150.7
39218,151.6,150.8
39219,151.3,151.38
39220,152.62,152.01
39223,152.54,152.58
39224,152.42,152.7
39225,152.44,152.95
39226,151.06,152.53
39227,151.69,151.49
39231,152.24,151.94
39232,153.48,151.46
39233,153.32,153.66
39234,154.08,153.88
39237,154.1,153.54
39238,153.49,153.74
39239,151.84,152.91
39240,149.1,151.56
39241,151.04,149.5
39244,151.3,150.93
39245,149.65,150.67
39246,151.89,150.5
39247,152.86,152.06
39248,153.07,153.14
39251,152.89,153.38
39252,153.27,152.55
39253,151.14,153.58
39254,151.98,151.08
39255,150.55,151.52
39258,149.83,150.24
39259,148.29,150.21
39260,150.4,148.13
39261,150.38,150.38
39262,150.43,150.9
39265,151.79,150.87
39266,152.34,152.18
39268,152.18,152.4
39269,152.98,152.38
39272,153,153.16
39273,150.92,152.29
39274,151.99,150.75
39275,154.39,152.37
39276,154.85,154.57
39279,154.83,154.99
39280,154.75,154.93
39281,154.47,154.23
39282,155.07,155.2
39283,153.5,154.89
39286,153.97,154.18
39287,151.3,153.12
39288,151.61,152.02
39289,148.02,150.19
39290,145.11,148.21
39293,147.38,145.93
39294,145.72,148.33
39295,146.43,145.18
39296,147.6,146.76
39297,143.8,147.28
39300,146.21,144.21
39301,147.77,145.94
39302,149.83,148.41
39303,145.39,147.43
39304,144.71,144.39
39307,145.23,146.5
39308,143.01,145.7
39309,141.04,142.72
39310,142.1,139.8
39311,144.71,145.5
39314,144.64,145.17
39315,144.93,144.6
39316,146.65,146.01
39317,146.52,147.34
39318,148.33,146.48
39321,146.95,147.85
39322,143.72,146.16
39323,146.54,144.37
39324,146.15,145.45
39325,147.59,147.65
39329,149.08,147.45
39330,147.79,148.2
39331,148.13,147.95
39332,146.07,146.48
39335,145.79,146.52
39336,147.49,146.24
39337,147.87,147.29
39338,148.91,148.55
39339,148.9,147.96
39342,148.1,148.31
39343,152.46,148.83
39344,153.36,153.41
39345,152.28,153.34
39346,151.97,152.71
39349,151.69,152.42
39350,151.39,150.81
39351,152.19,152.25
39352,153.09,152.91
39353,152.58,152.85
39356,154.3,152.6
39357,154.09,154.61
39358,153.78,153.81
39359,154.02,154.11
39360,155.85,155.03
39363,155.02,155.39
39364,156.48,155.6
39365,156.22,156.04
39366,155.47,156.93
39367,156.33,155.46
39370,155.01,156.27
39371,153.78,154.41
39372,154.25,154.98
39373,153.69,153.45
39374,149.67,153.09
39377,150.54,148.86
39378,151.76,151.46
39379,151.48,151.21
39380,151.84,151.65
39381,153.62,153.06
39384,154.13,153.93
39385,153.06,153.45
39386,154.65,153.98
39387,151.03,153.29
39388,151.2,151.53
39391,150.05,149.64
39392,152.07,150.86
39393,147.91,150.44
39394,147.16,147.99
39395,145.14,145.69
39398,143.7,145.21
39399,148.08,145.37
39400,147.67,149.22
39401,145.54,146.57
39402,145.79,146.31
39405,143.76,145.28
39406,144.64,144.02
39407,141.68,143.08
39409,144.13,143.07
39412,140.95,144.43
39413,142.57,141.74
39414,147.13,144.19
39415,147.18,146.62
39416,148.66,149.04
39419,147.68,148.19
39420,146.36,146.66
39421,148.81,147.93
39422,150.94,148.63
39423,150.91,151.42
39426,152.08,151.28
39427,147.91,152.14
39428,149.37,151.06
39429,149.06,148.32
39430,147.17,147.93
39433,145.07,146.61
39434,145.88,146.1
39435,145.88,145.94
39436,146.8,146.84
39437,148.13,147.37
39440,149.23,148.82
39442,149.55,148.65
39443,147.67,149.02
39444,147.3,148.54
39447,146.21,147.1
39449,144.93,146.53
39450,144.86,144.91
39451,141.31,143.34
39454,141.19,141.81
39455,138.91,142.08
39456,140.37,139.09
39457,141.29,139.68
39458,140.15,140.78
39461,141.28,141.16
39462,138.17,139.79
39463,136.98,137.36
39464,133.43,137.81
39465,132.06,134.74
39469,130.72,127.21
39470,133.86,127.09
39471,134.99,134.48
39472,133.04,136.51
39475,135.24,133.26
39476,135.91,136.1
39477,134.91,135.58
39478,137.37,133.4
39479,139.58,137.94
39482,137.82,139.21
39483,134.13,135.94
39484,133.05,134.58
39485,133.93,131.8
39486,133.07,133.09
39489,133.75,133.1
39490,134.99,134.91
39491,136.37,136.01
39492,135.17,136.95
39493,135.14,134.55
39497,135.52,136.69
39498,135.92,133.99
39499,134.79,136.66
39500,135.62,134.97
39503,137.33,135.54
39504,138.36,136.75
39505,138.22,137.56
39506,136.87,137.24
39507,133.82,135.6
39510,133.5,133.14
39511,132.99,132.23
39512,133.83,133.41
39513,131.06,132.98
39514,129.71,129.63
39517,128,129.81
39518,132.6,130.72
39519,131.36,132.73
39520,131.65,129.61
39521,129.61,132.77
39524,128.3,126.57
39525,133.63,130.62
39526,130.32,134.14
39527,132.08,130.05
39531,134.72,133.31
39532,134.85,134.86
39533,133.2,134.46
39534,132.78,134.2
39535,131.51,132.99
39538,131.97,131.29
39539,136.61,133.71
39540,136.7,137.06
39541,137.04,135.94
39542,136.89,137.12
39545,136.96,137.87
39546,136.82,136.19
39547,135.83,136.61
39548,136.02,135.39
39549,133.38,134.45
39552,132.93,133.19
39553,133.24,133.58
39554,136.85,134.54
39555,137.05,136.02
39556,138.48,138.94
39559,138.55,138.23
39560,137.94,138.19
39561,137.72,138.09
39562,138.32,138.08
39563,139.6,139.41
39566,139.63,139.88
39567,139.08,139.39
39568,138.26,139.29
39569,141.12,138.39
39570,141.51,142.33
39573,140.83,141.05
39574,142.05,140.01
39575,139.52,141.89
39576,139.22,139.74
39577,138.9,138.6
39580,140.46,139.25
39581,140.48,140.8
39582,140.77,141.07
39583,142.53,141.04
39584,142.66,142.86
39587,143.05,142.81
39588,141.89,142.27
39589,139.49,141.81
39590,139.51,139.43
39591,137.64,139.05
39595,138.66,137.8
39596,139.3,139.17
39597,140,139.13
39598,140.35,140.47
39601,138.9,139.83
39602,138.09,139.3
39603,138.02,137.7
39604,140.78,138.58
39605,136.29,139.55
39608,136.62,136.86
39609,135.94,135.67
39610,133.94,135.97
39611,134.45,134.6
39612,136.15,135.17
39615,136.23,135.55
39616,135.57,137.07
39617,134.25,134.69
39618,134.42,134.15
39619,131.58,132.84
39622,131.45,132.09
39623,131.19,131.05
39624,131.81,131.72
39625,128.23,130.57
39626,127.53,128.28
39629,127.98,127.89
39630,128.38,126.52
39631,126.18,128.79
39632,126.31,127.11
39636,125.02,126.79
39637,127.24,124.99
39638,124.79,127.5
39639,125.3,124.43
39640,123.84,123.97
39643,122.72,125.26
39644,120.99,121.8
39645,123.96,121.45
39646,125.2,125.14
39647,125.98,126.17
39650,126.05,126.51
39651,127.48,125.15
39652,128.17,127.89
39653,125.51,128.34
39654,125.48,125.89
39657,123.64,125.51
39658,126.28,123.98
39659,128.53,127.11
39660,126.83,127.4
39661,126.16,127.12
39664,124.99,126.04
39665,128.36,126.02
39666,128.93,128.02
39667,127.01,127.96
39668,129.37,126.58
39671,130.71,129.47
39672,129.35,130.28
39673,128.57,128.79
39674,129.54,127.84
39675,130.17,129.93
39678,128.39,130.43
39679,126.99,127.42
39680,127.58,127.39
39681,127.8,126.75
39682,129.65,128.67
39685,127.02,128.8
39686,127.39,127.02
39687,128.63,127.55
39688,130.19,129.28
39689,128.79,129.73
39693,127.99,130.03
39694,127.88,127.88
39695,124.03,126.97
39696,124.42,123.29
39699,126.99,128.04
39700,123.22,127.1
39701,123.72,123.89
39702,125.51,122.12
39703,126.09,124.29
39706,120.09,121.63
39707,122.1,117.2
39708,116.61,119.64
39709,120.07,118.05
39710,124.12,126.7
39713,121.31,124.451
39714,118.55,120.85
39715,118.93,119.35
39716,120.79,119.4
39717,120.85,118.83
39720,111.38,119.18
39721,115.99,113.51
39722,116.06,115.27
39723,111.85,114.95
39724,110.34,112.86
39727,104.72,107.15
39728,100.03,106.84
39729,97.51,97.52
39730,90.7,99.66
39731,88.5,86.76
39734,101.35,93.87
39735,99.85,104.7
39736,90.02,97.46
39737,93.77,91.29
39738,93.21,91.99
39741,98.81,95.35
39742,95.86,96.97
39743,90.64,93.2
39744,91.69,90.29
39745,87.04,84.06
39748,83.95,85.97
39749,93.76,87.34
39750,93.08,93.77
39751,96.3,95.78
39752,96.83,95.08
39755,97.11,96.78
39756,100.41,99.06
39757,96.19,99.2
39758,90.86,94.46
39759,93.86,91.65
39762,92.63,95.21
39763,89.77,90.76
39764,85.82,88.23
39765,91.17,86.13
39766,86.62,89.41
39769,85.47,86.38
39770,87.08,85.15
39771,81.5,85.91
39772,75.45,80.13
39773,79.52,77.46
39776,85.03,81.92
39777,85.66,87.3
39778,88.97,84.3
39780,90.09,88.63
39783,82.11,87.51
39784,85.27,83.47
39785,87.32,83.4
39786,85.3,86.06
39787,87.93,83.65
39790,91,90.34
39791,89.5,90.37
39792,90.11,90.32
39793,87.94,89.54
39794,88.99,85.55
39797,87.75,89.02
39798,91.88,88.3
39799,90.99,90.84
39800,89.29,91.4
39801,88.19,89.1
39804,87.06,88.58
39805,86.16,87.53
39806,86.66,86.45
39808,87.16,87.24
39811,86.91,87.24
39812,88.97,87.51
39813,90.24,89.08
39815,92.96,90.44
39818,92.85,92.63
39819,93.47,93.64
39820,90.67,92
39821,91.042,90.16
39822,89.09,91.16
39825,86.95,88.84
39826,87.11,86.73
39827,84.37,85.54
39828,84.4,84.12
39829,85.06,85.86
39833,80.57,84.23
39834,84.05,81.94
39835,82.75,82.42
39836,83.11,80.9
39839,83.68,83.59
39840,84.53,84.13
39841,87.39,86.4
39842,84.55,86.11
39843,82.83,84.98
39846,82.58,81.57
39847,83.74,83.1
39848,83.33,84.3
39849,84.57,82.7
39850,86.979,84.86
39853,87.1,86.96
39854,83.11,86.27
39855,83.6,83.45
39856,83.66,82.17
39857,82.76,83.55
39861,79.22,80.16
39862,79.03,79.79
39863,78.181,79.84
39864,77.42,76.73
39867,74.65,78.27
39868,77.48,75.29
39869,76.872,77.14
39870,75.62,77.82
39871,73.93,74.01
39874,70.6,72.52
39875,70.07,71.61
39876,71.73,71.23
39877,68.8,70.1
39878,68.92,69.4
39881,68.11,67.95
39882,72.17,69.51
39883,72.64,73
39884,75.5,72.62
39885,76.09,76.01
39888,75.86,76.96
39889,78.18,76.07
39890,79.93,77.81
39891,78.94,80.93
39892,76.71,78.76
39895,82.22,78.74
39896,80.6,81.24
39897,81.45,81.23
39898,83.11,82.25
39899,81.61,82.05
39902,78.79,79.8
39903,79.52,79.56
39904,81.06,78.53
39905,83.43,83.08
39906,84.26,83.49
39909,83.6,83.34
39910,81.65,82.25
39911,82.53,82.06
39912,85.81,84.67
39916,85.83,84.92
39917,84.35,85.03
39918,85.25,83.84
39919,86.5,85.93
39920,87.08,86.83
39923,83.43,85.54
39924,85.06,82.82
39925,84.54,84.29
39926,85.37,84.71
39927,86.66,86.03
39930,85.84,85.68
39931,85.57,84.97
39932,87.39,86.52
39933,87.42,88.55
39934,87.89,87.44
39937,90.88,88.55
39938,90.57,90.57
39939,92.141,91.68
39940,90.86,93.01
39941,92.98,92.03
39944,91.24,91.7
39945,90.97,91.63
39946,88.68,89.74
39947,89.44,88.72
39948,88.71,89.37
39951,91.23,89.55
39952,91.12,91.18
39953,90.51,91.95
39954,89.21,89.46
39955,89.02,89.46
39959,91.3,88.36
39960,89.67,91.44
39961,90.92,90.46
39962,92.53,91.42
39965,94.77,93.67
39966,94.85,94.4
39967,93.65,94.04
39968,94.53,94
39969,94.55,95.49
39972,94.16,93.84
39973,94.64,94.69
39974,94.4,95.48
39975,94.82,94.58
39976,95.08,94.4
39979,92.9,93.96
39980,91.64,93.23
39981,91.55,91.6
39982,92.219,91.69
39983,92.04,92.58
39986,89.28,91.14
39987,89.35,89.47
39988,90.118,90.16
39989,92.08,89.67
39990,91.84,91.77
39993,92.7,92.11
39994,91.95,92.72
39995,92.33,92.34
39996,89.81,91.13
40000,89.8,88.94
40001,88.06,89.71
40002,88,88.59
40003,88.17,88.61
40004,87.96,87.7
40007,90.102,88.31
40008,90.61,90.38
40009,93.26,91.81
40010,94.15,93
40011,94.13,94.06
40014,95.131,94.68
40015,95.57,95.87
40016,95.55,94.96
40017,97.661,95.61
40018,98.06,97.2
40021,98.35,97.88
40022,97.89,97.66
40023,97.652,97.44
40024,98.67,98.83
40025,98.81,98.65
40028,100.44,99.85
40029,100.7,99.99
40030,100.41,100.77
40031,99.89,100.87
40032,101.202,100.94
40035,100.99,100.74
40036,99.73,100.54
40037,100.8,99.56
40038,101.57,101.26
40039,100.79,101.52
40042,98.31,98.85
40043,99.09,98.53
40044,99.96,98.31
40045,100.99,100.09
40046,102.97,101.82
40049,102.96,103.39
40050,103.16,103.37
40051,103.17,102.84
40052,103.4,103.11
40053,103.38,104.23
40056,102.46,102.37
40057,100.2,101.95
40058,99.82,99.78
40059,100.65,100.4
40060,102.06,100.85
40064,102.94,103
40065,103.73,103.12
40066,104.79,103.8
40067,104.77,104.99
40070,105.28,103.88
40071,105.72,105.45
40072,107.32,106.1
40073,107.16,107.17
40074,106.72,107.15
40077,106.45,105.89
40078,107.07,107.08
40079,106.18,107.32
40080,105.01,106.41
40081,104.45,104.78
40084,106.32,104.85
40085,106,106.51
40086,105.59,106.36
40087,103,105.34
40088,102.49,102.02
40091,104.02,102.9
40092,105.51,104.77
40093,105.8,105.27
40094,106.61,106.55
40095,107.26,106.64
40098,107.68,107.76
40099,107.46,107.39
40100,109.31,108.72
40101,109.71,108.78
40102,108.89,108.8
40105,109.79,109.07
40106,109.211,109.95
40107,108.23,109.04
40108,109.33,108.19
40109,108.08,109.69
40112,106.91,108.2
40113,106.42,107.03
40114,104.41,106.15
40115,106.65,105.19
40116,103.56,106.3
40119,104.32,104.13
40120,104.65,103.74
40121,104.92,105.51
40122,106.8501,105.66
40123,107.13,106.26
40126,109.57,107.95
40127,109.59,109.31
40128,110.15,110.31
40129,109.03,110
40130,109.62,109.31
40133,111.21,110.38
40134,111.339,110.92
40135,111.27,111.26
40136,109.82,110.51
40137,109.43,109.25
40140,110.82,110.72
40141,110.99,111
40142,111.38,111.17
40144,109.57,108.4
40147,109.94,109.48
40148,111.3,110.92
40149,111.25,111.28
40150,110.38,111.55
40151,111.01,111.84
40154,110.84,110.91
40155,109.61,110.04
40156,110.021,109.58
40157,110.64,110.7
40158,111.11,111.11
40161,111.87,111.87
40162,111.35,111.46
40163,111.52,111.8
40164,110.18,110.72
40165,110.21,110.2
40168,111.33,110.76
40169,111.73,111.57
40170,111.95,112
40171,112.48,112.19
40175,112.72,112.9
40176,112.562,113.01
40177,112.52,112.23
40178,111.44,112.77
40182,113.33,112.37
40183,113.63,113.26
40184,113.71,113.52
40185,114.19,113.5
40186,114.57,113.89
40189,114.73,115.08
40190,113.66,113.97
40191,114.62,113.95
40192,114.93,114.49
40193,113.64,114.73
40197,115.06,113.62
40198,113.89,114.28
40199,111.7,113.92
40200,109.21,111.2
40203,109.77,110.21
40204,109.31,109.34
40205,109.83,109.17
40206,108.57,110.19
40207,107.39,109.04
40210,109.06,108.15
40211,110.38,109.26
40212,109.83,109.88
40213,106.44,108.98
40214,106.66,106.56
40217,105.89,106.74
40218,107.22,107.13
40219,107.01,107.05
40220,108.13,106.87
40221,108.04,106.99
40225,109.74,108.86
40226,110.26,110.27
40227,110.91,110.08
40228,111.14,110.62
40231,111.16,111.55
40232,109.81,110.86
40233,110.82,110.14
40234,110.67,109.24
40235,110.74,110.77
40238,111.89,111.2
40239,112.2,112.37
40240,112.3,112.49
40241,112.641,112.45
40242,114.25,113.37
40245,114.27,114.26
40246,114.46,113.93
40247,114.97,114.51
40248,115.45,114.7
40249,115.46,115.95
40252,115.49,115.26
40253,116.41,115.81
40254,117.1,116.76
40255,117.0375,117.11
40256,115.97,116.96
40259,116.5925,115.31
40260,117.41,116.76
40261,116.84,116.97
40262,116.65,117.63
40263,116.582,116.87
40266,117.32,117.1699
40267,117.4,117.46
40268,117,116.95
40269,117.8,117.8
40273,118.76,118.25
40274,119.04,118.42
40275,118.36,118.8
40276,118.7725,117.95
40277,119.55,119.02
40280,119.74,119.7
40281,119.83,119.62
40282,121.19,120.27
40283,121.29,120.99
40284,119.36,120.86
40287,119.81,119.01
40288,120.88,120.56
40289,120.66,120.95
40290,121.02,119.81
40291,121.8125,120.94
40294,121.35,121.85
40295,118.48,120.65
40296,119.38,119.05
40297,120.8575,120.1
40298,118.8125,120.88
40301,120.35,119.38
40302,117.52,119.01
40303,116.82,116.56
40304,112.942,116.26
40305,111.26,112.64
40308,116.16,115.81
40309,115.83,115.07
40310,117.45,116.29
40311,115.99,117.13
40312,113.89,115.12
40315,113.95,114.2
40316,112.4,114.88
40317,111.76,111.77
40318,107.54,109.38
40319,109.115,105.91
40322,107.71,108.52
40323,107.818,105.11
40324,107.17,108.48
40325,110.76,109.19
40326,109.369,110.64
40330,107.53,108.35
40331,110.33,108.08
40332,110.71,110.65
40333,106.82,108.61
40336,105.49,107.2
40337,106.62,105.57
40338,106.05,107.24
40339,109.15,107.86
40340,109.68,108.19
40343,109.509,110.52
40344,112,110.28
40345,111.96,111.42
40346,112.14,112.28
40347,111.729,111.83
40350,111.41,113.12
40351,109.57,111.41
40352,109.23,109.64
40353,107.42,108.69
40354,107.8675,107.74
40357,107.53,108.03
40358,104.21,106.02
40359,103.22,103.92
40360,102.76,103.15
40361,102.2,103.11
40365,102.87,103.64
40366,106.1075,103.13
40367,107.16,107
40368,107.96,107.13
40371,108.03,107.6
40372,109.66,109.15
40373,109.651,109.31
40374,109.68,109.61
40375,106.66,109.09
40378,107.29,107.05
40379,108.48,105.87
40380,107.07,109.04
40381,109.461,108.34
40382,110.41,109.24
40385,111.56,110.6
40386,111.55,112.17
40387,110.83,111.32
40388,110.29,111.52
40389,110.27,109.17
40392,112.76,111.99
40393,112.22,112.48
40394,112.97,112.53
40395,112.85,112.25
40396,112.392,111.74
40399,112.992,112.92
40400,112.375,112.03
40401,109.3,110.65
40402,108.63,107.65
40403,108.31,108.29
40406,108.26,107.57
40407,109.59,109.19
40408,109.79,109.54
40409,107.88,109.22
40410,107.53,107.56
40413,107.1236,108.04
40414,105.53,105.95
40415,105.94,104.95
40416,105.23,106.44
40417,106.86,105.89
40420,105.311,106.58
40421,105.31,104.92
40422,108.46,106.73
40423,109.47,108.72
40424,110.89,110.54
40428,109.64,110.37
40429,110.41,109.86
40430,110.92,111.65
40431,111.482,111.12
40434,112.72,112.58
40435,112.65,112.5
40436,113.08,112.32
40437,113.05,112.73
40438,112.49,113.04
40441,114.21,112.88
40442,113.98,114.3
40443,113.42,113.8
40444,112.498,112.49
40445,114.82,113.75
40448,114.27,114.86
40449,114.67,114.42
40450,114.47,114.38
40451,114.13,115.05
40452,114.61,114.99
40455,113.75,114.37
40456,116.04,114.8
40457,116.03,116.02
40458,115.89,116.5
40459,116.5375,116.05
40462,116.65,116.72
40463,117.01,116.27
40464,117.92,117.66
40465,117.46,117.8099
40466,117.7,118.28
40469,118.28,117.74
40470,116.73,117.19
40471,117.87,116.94
40472,118.13,118.4
40473,118.347,118.31
40476,118.7,119.14
40477,118.72,118.1
40478,118.38,117.89
40479,118.4,119.06
40480,118.49,118.28
40483,118.53,119.07
40484,119.475,119.42
40485,119.95,119.675
40486,122.26,121.28
40487,122.725,122.34
40490,122.49,122.34
40491,121.61,122.82
40492,122.1,121.58
40493,121.635,121.05
40494,120.198,120.82
40497,120.03,120.58
40498,118.16,119.29
40499,118.218,118.21
40500,119.9575,119.36
40501,120.29,119.9
40504,120.19,119.69
40505,118.4475,118.77
40506,120.2,119.2
40508,119.29,119.16
40511,119.162,118.5
40512,118.4925,117.98
40513,121.01,120.2
40514,122.56,121.2
40515,122.89,122.14
40518,122.76,122.63
40519,122.83,123.94
40520,123.28,122.98
40521,123.76,123.97
40522,124.48,124.14
40525,124.56,125.05
40526,124.67,124.75
40527,124.098,124.44
40528,124.82,124.18
40529,124.3,124.08
40532,124.6,124.64
40533,125.39,124.99
40534,125.78,125.48
40535,125.6,125.64
40539,125.65,125.13
40540,125.83,125.9
40541,125.92,125.98
40542,125.72,125.8
40543,125.75,125.53
40546,127.05,126.71
40547,126.98,127.33
40548,127.64,126.58
40549,127.39,127.69
40550,127.14,127.56
40553,126.98,126.58
40554,127.43,127.44
40555,128.58,128.21
40556,128.3675,128.63
40557,129.3,128.19
40561,129.52,129.18
40562,128.25,129.41
40563,128.08,127.96
40564,128.37,128.88
40567,129.1,128.285
40568,129.17,128.76
40569,129.67,129.49
40570,129.99,129.7
40571,127.72,130.14
40574,128.68,128.07
40575,130.74,129.46
40576,130.485,130.4
40577,130.78,130.26
40578,131.15,130.83
40581,131.97,131.44
40582,132.57,132.09
40583,132.269,132.21
40584,132.321,131.6
40585,133.11,131.8
40588,133.43,133.03
40589,133.01,133.02
40590,133.85,133.46
40591,134.25,133.46
40592,134.53,134.37
40596,131.83,133.12
40597,131.02,131.75
40598,130.93,130.88
40599,132.33,131.48
40602,133.15,132.82
40603,130.93,133.57
40604,131.21,130.75
40605,133.47,132.4
40606,132.47,133.37
40609,131.43,132.86
40610,132.58,131.64
40611,132.39,132.32
40612,129.9375,131
40613,130.84,129.52
40616,130.05,129.99
40617,128.56,126.59
40618,126.175,128.15
40619,127.85,128
40620,127.76,128.84
40623,129.74,129.35
40624,129.29,129.72
40625,129.66,128.93
40626,130.9,130.4
40627,131.3,131.24
40630,130.98,131.58
40631,131.86,130.87
40632,132.77,132.55
40633,132.59,132.6
40634,133.15,133.41
40637,133.26,133.43
40638,133.24,133
40639,133.66,133.88
40640,133.32,133.42
40641,132.86,133.91
40644,132.46,133
40645,131.47,131.72
40646,131.46,132.08
40647,131.56,130.7
40648,132.04,131.8
40651,130.56,130.59
40652,131.31,130.76
40653,133.1,132.88
40654,133.78,133.79
40658,133.64,133.68
40659,134.791,134.05
40660,135.67,135.05
40661,136.11,135.43
40662,136.43,136.16
40665,136.22,137.07
40666,135.73,135.96
40667,134.83,135.67
40668,133.61,134.08
40669,134.2,134.94
40672,134.72,134.19
40673,135.87,135.17
40674,134.44,135.67
40675,135.08,134.08
40676,134.04,135.15
40679,133.19,133.56
40680,133.17,132.69
40681,134.36,133.24
40682,134.68,134.8
40683,133.61,134.33
40686,132.06,131.98
40687,131.95,132.44
40688,132.39,131.42
40689,133,132.03
40690,133.51,133.37
40694,134.9,134.77
40695,131.87,134.51
40696,131.73,131.96
40697,130.42,130.15
40700,129.045,130.09
40701,128.96,129.7
40702,128.42,128.76
40703,129.4,128.77
40704,127.6,128.85
40707,127.7,127.89
40708,129.32,128.87
40709,127.02,128.24
40710,127.3,127.06
40711,127.05,127.93
40714,127.7,126.62
40715,129.45,128.36
40716,128.67,129.05
40717,128.301,127.16
40718,126.81,128.27
40721,127.94,126.89
40722,129.61,128.45
40723,130.72,130.2
40724,131.97,131.14
40725,133.92,132.09
40729,133.81,133.78
40730,133.97,133.49
40731,135.36,135.16
40732,134.4,133.83
40735,131.97,132.75
40736,131.4,131.69
40737,131.84,132.09
40738,130.93,132.17
40739,131.69,131.66
40742,130.61,131.08
40743,132.73,131.34
40744,132.65,133.07
40745,134.49,133.4
40746,134.58,134.52
40749,133.83,133.3
40750,133.33,133.74
40751,130.6,132.59
40752,130.22,130.6
40753,129.33,128.91
40756,128.78,130.84
40757,125.49,127.81
40758,126.17,125.66
40759,120.26,124.42
40760,120.08,121.76
40763,112.26,116.91
40764,117.48,114.07
40765,112.29,115.26
40766,117.33,113.26
40767,118.12,118.4
40770,120.62,119.19
40771,119.59,119.47
40772,119.67,120.25
40773,114.51,116.5
40774,112.64,112.96
40777,112.73,115.17
40778,116.44,113.15
40779,118.08,116.19
40780,116.28,118.73
40781,117.97,115.69
40784,121.36,119.56
40785,121.68,120.83
40786,122.22,122.46
40787,120.94,122.29
40788,117.85,118.42
40792,116.99,114.39
40793,120.29,118.76
40794,119.04,119.57
40795,115.92,117.68
40798,116.67,114.47
40799,117.74,117.05
40800,119.37,118.34
40801,121.43,120.65
40802,121.521,121.29
40805,120.31,119.53
40806,120.17,120.82
40807,116.63,120.23
40808,112.86,113.25
40809,113.54,112.11
40812,116.24,114.61
40813,117.54,118.53
40814,115.145,117.78
40815,116.05,117.05
40816,113.15,114.45
40819,109.93,112.49
40820,112.34,108.35
40821,114.42,112.62
40822,116.49,114.36
40823,115.71,117.17
40826,119.58,117.68
40827,119.7,118.87
40828,120.75,120.6
40829,120.51,120.04
40830,122.57,121.91
40833,120.23,121.99
40834,122.58,120.14
40835,121.13,122.38
40836,121.66,121.43
40837,123.97,123.09
40840,125.49,124.17
40841,123.049,124.89
40842,124.3,124.35
40843,128.63,127.63
40844,128.6,128
40847,125.5,127.16
40848,122.002,122.03
40849,123.99,123.83
40850,126.25,125.27
40851,125.481,125.23
40854,126.26,125.39
40855,127.88,126.92
40856,123.161,124.89
40857,124.32,124.79
40858,126.66,125.83
40861,125.46,126.19
40862,126.083,125.17
40863,124.08,124.81
40864,122.105,123.85
40865,121.979,122.5
40868,119.661,120.2
40869,119.19,119.4
40870,116.56,118.07
40872,116.34,116.38
40875,119.71,119.54
40876,120.05,120.05
40877,124.99,123.49
40878,124.97,124.85
40879,124.86,126.12
40882,126.22,126.84
40883,126.26,126.21
40884,126.73,125.84
40885,123.95,125.9
40886,126.05,124.51
40889,124.21,124.95
40890,123.05,124.86
40891,121.74,122.56
40892,122.185,123.03
40893,121.59,122.23
40896,120.29,122.06
40897,123.93,122.18
40898,124.17,123.93
40899,125.27,124.63
40900,126.39,125.67
40904,126.49,126.17
40905,124.83,126.51
40906,126.12,125.24
40907,125.5,126.02
40911,127.495,127.76
40912,127.7,127.2
40913,128.04,127.01
40914,127.71,128.2
40917,128.02,128
40918,129.13,129.39
40919,129.2,128.73
40920,129.51,129.57
40921,128.84,128.64
40925,129.34,130.08
40926,130.77,129.31
40927,131.46,131.22
40928,131.95,131.24
40931,131.61,131.51
40932,131.46,130.8
40933,132.56,131.26
40934,131.88,133.15
40935,131.82,131.24
40938,131.37,130.51
40939,131.32,132.02
40940,132.47,132.29
40941,132.68,132.73
40942,134.54,134
40945,134.45,133.98
40946,134.79,134.17
40947,135.19,134.86
40948,135.36,135.41
40949,134.361,134.16
40952,135.36,135.32
40953,135.19,135
40954,134.56,135.63
40955,136.049,134.57
40956,136.41,136.52
40960,136.47,136.73
40961,136.032,136.26
40962,136.631,135.96
40963,136.93,136.93
40966,137.16,136.02
40967,137.559,137.2
40968,137.02,137.76
40969,137.73,137.31
40970,137.312,137.64
40973,136.75,137.1
40974,134.75,135.35
40975,135.69,135.06
40976,137.04,136.52
40977,137.57,137.3
40980,137.58,137.55
40981,140.062,138.32
40982,139.91,140.1
40983,140.72,140.12
40984,140.3,140.36
40987,140.85,140.21
40988,140.44,140.05
40989,140.21,140.52
40990,139.2,139.18
40991,139.65,139.32
40994,141.61,140.65
40995,141.17,141.74
40996,140.47,141.1
40997,140.23,139.64
40998,140.81,140.92
41001,141.84,140.64
41002,141.26,141.64
41003,139.86,140.22
41004,139.79,139.38
41008,138.22,138.03
41009,135.9,137.95
41010,137,137.29
41011,138.79,137.13
41012,137.14,138.47
41015,137.05,137.84
41016,139.082,137.84
41017,138.61,138.46
41018,137.72,138.63
41019,137.95,138.33
41022,136.79,136.54
41023,137.31,136.91
41024,139.19,138.65
41025,140.16,138.89
41026,140.39,140.58
41029,139.87,140.11
41030,140.74,139.79
41031,140.325,139.92
41032,139.25,140.34
41033,137,138.515
41036,137.1,136.51
41037,136.55,136.28
41038,135.74,135.1
41039,136.02,136.68
41040,135.61,135.17
41043,134.11,134.31
41044,133.34,134.02
41045,132.829,133.94
41046,130.86,132.86
41047,129.74,131.37
41050,131.97,130.16
41051,132.2,132.31
41052,132.27,131.25
41053,132.53,132.63
41054,132.1,132.48
41058,133.7,133.16
41059,131.76,132.56
41060,131.47,131.71
41061,128.16,129.41
41064,128.1,128.39
41065,129.07,127.85
41066,131.97,129.97
41067,132.05,133.47
41068,133.1,131.71
41071,131.415,134.17
41072,132.92,131.79
41073,132.07,132.53
41074,133.47,132.34
41075,134.14,133.38
41078,134.4,133.58
41079,135.7,135.08
41080,135.48,135.71
41081,132.44,135.64
41082,133.46,133.13
41085,131.32,132.05
41086,131.98,131.7
41087,133.173,132.42
41088,132.79,132.29
41089,136.105,135.2
41092,136.51,136.48
41093,137.412,136.48
41095,136.79,136.9
41096,135.49,135.47
41099,135.32,135.38
41100,134.14,136.01
41101,134.16,134.21
41102,133.51,133.38
41103,135.75,133.86
41106,135.43,135.44
41107,136.36,135.97
41108,137.37,136.04
41109,137.73,137.65
41110,136.47,136.95
41113,135.09,134.47
41114,133.925,135.19
41115,133.96,134.21
41116,136.17,135.89
41117,138.675,136.89
41120,138.68,138.52
41121,137.71,138.49
41122,137.59,138.7
41123,136.64,136.55
41124,139.349,138.56
41127,139.62,139.72
41128,140.32,140.18
41129,140.49,139.85
41130,140.61,140.29
41131,140.84,140.04
41134,140.77,140.6
41135,140.79,141.29
41136,140.95,140.64
41137,141.99,141.15
41138,142.18,142.23
41141,142.19,141.98
41142,141.76,142.54
41143,141.82,141.4
41144,140.665,141.47
41145,141.51,140.31
41148,141.54,141.89
41149,141.4,141.18
41150,141.51,141.52
41151,140.49,140.9
41152,141.16,141.29
41156,141.03,141.04
41157,140.91,141.09
41158,143.77,141.76
41159,144.33,144.01
41162,143.51,144.19
41163,143.91,143.6
41164,144.39,144.39
41165,146.59,144.37
41166,147.24,146.88
41169,146.74,146.94
41170,146.62,146.49
41171,146.7,146.79
41172,146.71,146.03
41173,145.87,146.64
41176,145.645,145.15
41177,144.1,145.96
41178,143.295,144.065
41179,144.64,143.89
41180,143.97,144.09
41183,144.345,144.52
41184,144.5,144.92
41185,145.09,144.89
41186,146.125,145.64
41187,146.14,146.91
41190,145.642,145.6
41191,144.2,145.53
41192,143.28,144.18
41193,143.36,144.28
41194,142.89,143.46
41197,144.08,143.23
41198,145.54,144.76
41199,146.2,145.64
41200,145.82,145.82
41201,143.3896,145.55
41204,143.41,143.15
41205,141.42,141.86
41206,141.02,141.93
41207,141.43,142.02
41208,141.35,141.3
41213,141.35,141.85
41214,142.83,141.65
41215,141.56,143.68
41218,141.8486,141.35
41219,142.96,142.28
41220,139.72,141.66
41221,138.04,139.7
41222,138.16,137.62
41225,138.265,138.59
41226,137.79,137.54
41227,135.9299,138.21
41228,135.7,135.98
41229,136.37,135.9
41232,139.13,137.9
41233,139.19,138.91
41234,139.45,139.31
41236,141.35,140.13
41239,141.05,140.65
41240,140.33,140.91
41241,141.46,139.76
41242,142.12,141.99
41243,142.155,142.14
41246,141.45,142.8
41247,141.25,141.44
41248,141.5,141.37
41249,141.98,141.37
41250,142.415,142.53
41253,142.473,142.21
41254,143.44,143.06
41255,143.51,144
41256,142.63,143.42
41257,142.1051,142.32
41260,143.77,142.47
41261,145.37,144
41262,144.29,145.53
41263,145.12,144.38
41264,142.79,142.17
41267,142.35,142.48
41269,141.75,142.64
41270,141.5616,141.79
41271,140.03,140.64
41274,142.41,139.66
41276,146.06,145.11
41277,145.7341,145.99
41278,146.37,145.97
41281,145.9695,145.85
41282,145.5496,145.71
41283,145.92,145.87
41284,147.08,146.73
41285,147.07,147.04
41288,146.97,146.89
41289,147.07,146.29
41290,147.05,146.77
41291,148,147.7
41292,148.33,147.97
41296,149.13,148.33
41297,149.37,149.13
41298,149.41,149.15
41299,150.25,149.88
41302,150.07,150.29
41303,150.66,149.77
41304,150.07,150.64
41305,149.7,149.89
41306,151.24,150.65
41309,149.535,150.32
41310,151.05,150.35
41311,151.16,150.52
41312,150.96,151.205
41313,151.8,151.22
41316,151.77,151.74
41317,152.02,151.78
41318,152.151,152.33
41319,152.29,151.69
41320,152.11,152.43
41324,153.25,152.37
41325,151.34,153.14
41326,150.42,150.96
41327,151.89,151.15
41330,149,152.63
41331,150.02,149.72
41332,151.91,149.89
41333,151.61,151.9
41334,152.11,151.09
41337,152.92,151.76
41338,154.29,153.66
41339,154.5,154.84
41340,154.776,154.7
41341,155.44,155.46
41344,156.03,155.325
41345,155.68,155.92
41346,155.905,155.76
41347,156.73,156.31
41348,155.83,155.85
41351,154.97,154.34
41352,154.61,155.3
41353,155.69,155.52
41354,154.359,154.76
41355,155.6,154.85
41358,154.95,156.01
41359,156.19,155.59
41360,156.19,155.26
41361,156.67,156.09
41365,156.05,156.59
41366,156.82,156.61
41367,155.23,156.91
41368,155.86,155.43
41369,155.158,153.95
41372,156.21,155.27
41373,156.75,156.5
41374,158.67,157.17
41375,159.19,158.7
41376,158.8,158.68
41379,155.118,158
41380,157.41,156.29
41381,155.11,156.29
41382,154.14,155.37
41383,155.48,154.5
41386,156.17,155.78
41387,157.78,156.95
41388,157.88,157.83
41389,158.52,158.34
41390,158.24,158.33
41393,159.3,158.67
41394,159.68,159.27
41395,158.28,159.33
41396,159.75,158.68
41397,161.368,161.14
41400,161.78,161.49
41401,162.5999,162.13
41402,163.34,162.42
41403,162.881,163.27
41404,163.41,162.99
41407,163.54,163.2
41408,165.23,163.67
41409,166.115,164.96
41410,165.34,165.78
41411,166.94,165.95
41414,166.93,166.78
41415,167.17,167.08
41416,165.93,167.34
41417,165.45,164.16
41418,165.308,164.47
41422,166.3,167.04
41423,165.22,165.42
41424,165.83,165.35
41425,163.445,165.37
41428,164.35,163.83
41429,163.56,164.44
41430,161.272,163.09
41431,162.73,161.2
41432,164.8,163.85
41435,164.8,165.31
41436,163.098,163.3
41437,161.75,164.22
41438,164.21,161.66
41439,163.175,164.03
41442,164.44,164.29
41443,165.735,164.53
41444,163.45,165.6
41445,159.4,161.86
41446,159.07,159.64
41449,157.06,157.41
41450,158.575,158.48
41451,160.14,159.87
41452,161.08,161.1
41453,160.42,160.63
41456,161.36,161.26
41457,161.21,161.12
41458,161.28,160.48
41460,163.02,162.47
41463,163.945,163.86
41464,165.13,164.98
41465,165.192,164.97
41466,167.44,167.11
41467,167.51,167.39
41470,168.155,167.97
41471,167.525,168.26
41472,167.9501,168.16
41473,168.87,168.31
41474,169.17,168.52
41477,169.5,169.41
41478,169.14,169.8
41479,168.52,169.79
41480,168.93,168.22
41481,169.11,168.22
41484,168.59,168.68
41485,168.588,169.1
41486,168.71,168.94
41487,170.66,169.99
41488,170.95,170.28
41491,170.7,170.57
41492,169.73,170.37
41493,169.18,169.19
41494,169.8,169.98
41495,169.31,169.58
41498,169.111,168.46
41499,169.61,169.41
41500,168.74,169.53
41501,166.38,167.41
41502,165.83,166.06
41505,164.77,165.64
41506,165.58,165.04
41507,164.56,165.12
41508,166.06,164.9
41509,166.62,166.55
41512,166,166.79
41513,163.33,164.36
41514,163.91,163.26
41515,164.17,163.55
41516,163.65,164.51
41520,164.39,165.23
41521,165.75,164.43
41522,165.96,165.85
41523,166.04,166.51
41526,167.634,166.45
41527,168.87,168.64
41528,169.4,168.64
41529,168.95,169.34
41530,169.33,169.13
41533,170.31,171.16
41534,171.07,170.46
41535,173.051,171.01
41536,172.76,173.52
41537,170.72,172.33
41540,169.93,170.49
41541,169.53,169.9
41542,169.04,169.64
41543,169.69,169.32
41544,168.909,168.84
41547,168.01,167.48
41548,169.34,168.14
41549,169.18,168.35
41550,167.62,168.79
41551,168.89,167.75
41554,167.43,167.42
41555,165.48,167.4
41556,165.6,165.8
41557,169.17,167.29
41558,170.26,168.91
41561,170.94,169.21
41562,169.7,170.51
41563,172.07,170.72
41564,173.22,171.37
41565,174.388,173.86
41568,174.4,174.45
41569,175.41,174.91
41570,174.57,174.81
41571,175.15,174.92
41572,175.95,175.51
41575,176.23,175.89
41576,177.17,176.63
41577,176.29,177.38
41578,175.79,176.15
41579,176.21,176.02
41582,176.83,176.69
41583,176.27,176.14
41584,177.17,177.03
41585,174.93,177.5
41586,177.29,174.87
41589,177.32,177.12
41590,176.96,176.94
41591,178.38,176.09
41592,179.27,178.54
41593,180.05,179.56
41596,179.42,180.35
41597,179.03,179.33
41598,178.47,179.39
41599,179.91,178.97
41600,180.81,179.98
41603,180.63,181.13
41604,180.68,180.72
41605,181.12,180.87
41607,181,181.32
41610,180.53,181.09
41611,179.75,179.94
41612,179.73,179.1
41613,178.94,179.41
41614,180.94,180.67
41617,181.4,181.47
41618,180.75,180.98
41619,178.72,180.82
41620,178.13,178.64
41621,178.11,178.5
41624,179.216,178.95
41625,178.65,179.38
41626,181.7,178.92
41627,181.49,181.18
41628,181.56,180.69
41631,182.53,182.45
41632,182.93,182.54
41634,183.855,183.34
41635,183.845,184.1
41638,183.82,183.87
41639,184.69,184.07
41641,182.92,183.98
41642,182.885,183.23
41645,182.36,183.49
41646,183.48,183.09
41647,183.52,183.45
41648,183.64,184.11
41649,184.14,183.95
41652,181.685,183.67
41653,183.67,182.29
41654,184.66,184.1
41655,184.42,184.28
41656,183.635,184.1
41660,184.18,184.7
41661,184.3,184.49
41662,182.79,183.37
41663,178.89,181.6
41666,178.01,179.06
41667,179.07,178.14
41668,177.35,177.58
41669,179.23,178.83
41670,178.18,177.01
41673,174.17,177.97
41674,175.385,174.95
41675,175.17,174.78
41676,177.48,175.58
41677,179.68,178.31
41680,180.01,179.7
41681,181.98,180.16
41682,182.07,182.25
41683,183.01,180.84
41684,184.02,182.84
41688,184.24,184.18
41689,183.02,183.76
41690,184.1,183.27
41691,183.89,184.45
41694,184.91,184.28
41695,184.84,185.06
41696,184.85,185.11
41697,185.82,184.58
41698,186.29,185.79
41701,184.98,184.65
41702,187.58,186.79
41703,187.75,187.74
41704,188.18,188.21
41705,188.26,188.96
41708,188.16,187.97
41709,187.23,188.44
41710,187.28,186.32
41711,185.18,187.84
41712,184.66,184.85
41715,186.33,185.59
41716,187.66,186.71
41717,186.66,187.68
41718,187.747,186.25
41719,186.2,187.71
41722,185.43,186.84
41723,186.31,186.37
41724,184.97,187.04
41725,184.58,184.75
41726,185.49,185.105
41729,187.01,186.67
41730,188.25,187.62
41731,188.88,188.49
41732,188.63,189.17
41733,186.4,189.66
41736,184.34,185.95
41737,185.1,184.26
41738,187.09,185.6
41739,183.155,187.08
41740,181.51,182.14
41743,182.9401,182.93
41744,184.2,183.32
41745,186.125,185.47
41746,186.39,185.88
41750,187.04,186.44
41751,187.89,187.23
41752,187.45,187.82
41753,187.83,188.37
41754,186.29,187.22
41757,186.875,187.05
41758,187.75,187.48
41759,188.31,187.44
41760,188.325,188.22
41761,188.06,188.31
41764,188.42,187.14
41765,186.78,188
41766,187.88,187.41
41767,187.675,187.71
41768,187.96,187.71
41771,189.785,188.8
41772,189.96,190.04
41773,189.06,189.79
41774,187.4,188.675
41775,188.05,187.51
41778,188.74,187.69
41779,187.55,188.645
41780,189.13,188.09
41781,189.59,189.18
41782,190.35,189.76
41786,191.52,191.06
41787,191.38,191.52
41788,192.37,191.82
41789,192.68,192.19
41792,192.895,192.95
41793,192.8,192.43
41794,193.19,192.47
41795,194.45,193.41
41796,195.375,194.87
41799,195.58,195.35
41800,195.6,195.34
41801,194.92,194.9
41802,193.54,194.69
41803,194.13,193.92
41806,194.29,193.89
41807,194.83,194.02
41808,196.255,194.83
41809,196.48,196.43
41810,195.94,196.03
41813,195.88,195.99
41814,194.7,195.53
41815,195.58,194.29
41816,195.44,195.61
41817,195.82,194.98
41820,195.72,195.7
41821,197.03,196.2
41822,197.23,197.05
41823,198.2,197.79
41827,197.51,197.82
41828,196.24,197.15
41829,197.12,196.73
41830,196.34,195.22
41831,196.61,196.22
41834,197.6,197.61
41835,197.23,197.72
41836,197.96,198.11
41837,195.71,197.35
41838,197.7099,196.35
41841,197.34,197.09
41842,198.2,198.01
41843,198.64,198.495
41844,198.65,198.83
41845,197.72,198.09
41848,197.8,197.76
41849,196.95,198.17
41850,196.98,197.65
41851,193.09,195.61
41852,192.5,192.56
41855,193.89,192.87
41856,192.01,193.1
41857,192.07,191.11
41858,191.03,192.935
41859,193.24,191.46
41862,193.795,193.965
41863,193.53,193.61
41864,194.84,194.29
41865,195.76,195.16
41866,195.72,196.47
41869,197.36,196.8
41870,198.39,197.84
41871,198.92,198.12
41872,199.5,199.09
41873,199.19,199.34
41876,200.2,200.14
41877,200.33,200.33
41878,200.25,200.43
41879,200.14,199.59
41880,200.71,200.45
41884,200.61,200.97
41885,200.5,201.38
41886,200.2101,200.84
41887,201.11,200.17
41890,200.59,200.92
41891,199.32,200.41
41892,200.07,199.43
41893,200.3,199.27
41894,199.13,200.1
41897,198.981,199.16
41898,200.48,198.61
41899,200.75,200.77
41900,201.82,201.36
41901,200.7,201.52
41904,199.15,200.35
41905,198.01,198.43
41906,199.56,198.04
41907,196.34,199.04
41908,197.9,196.7
41911,197.54,196.2
41912,197.02,197.69
41913,194.35,196.7
41914,194.38,194.18
41915,196.52,195.68
41918,196.29,197.34
41919,193.26,195.28
41920,196.64,193.37
41921,192.74,196.33
41922,190.54,192.69
41925,187.4099,190.46
41926,187.7,188.42
41927,186.43,185.16
41928,186.27,183.06
41929,188.47,188.42
41932,190.3,188.13
41933,194.07,191.68
41934,192.69,194.41
41935,194.93,194.62
41936,196.43,195.25
41939,196.16,195.73
41940,198.41,196.82
41941,198.11,198.55
41942,199.38,197.58
41943,201.66,201.78
41946,201.77,201.92
41947,201.07,201.23
41948,202.34,202.54
41949,203.15,202.39
41950,203.34,203.17
41953,203.98,203.38
41954,204.175,204.055
41955,203.96,203.35
41956,204.19,204.16
41957,204.24,204.1
41960,204.37,203.85
41961,205.55,204.44
41962,205.22,205.31
41963,205.58,204.26
41964,206.68,207.64
41967,207.26,207.17
41968,207.11,207.54
41969,207.64,207.29
41971,207.2,207.49
41974,205.76,206.4
41975,207.085,205.81
41976,207.89,207.3
41977,207.66,207.54
41978,208,207.87
41981,206.61,207.52
41982,206.47,204.37
41983,203.1601,205.91
41984,204.19,203.88
41985,200.89,202.64
41988,199.51,201.98
41989,197.91,198.58
41990,201.79,198.44
41991,206.78,204.74
41992,206.52,206.43
41995,207.47,206.75
41996,207.75,208.17
41997,207.77,208.02
41999,208.44,208.31
42002,208.72,208.22
42003,207.6,208.21
42004,205.54,207.99
42006,205.43,206.38
42009,201.72,204.17
42010,199.82,202.09
42011,202.31,201.42
42012,205.9,204.01
42013,204.25,206.4
42016,202.65,204.41
42017,202.08,204.12
42018,200.86,199.65
42019,199.0199,201.63
42020,201.63,198.77
42024,202.055,202.4
42025,203.08,201.5
42026,206.1,203.99
42027,204.97,205.79
42030,205.45,204.71
42031,202.74,202.97
42032,200.14,204.17
42033,201.9902,200.38
42034,199.45,200.57
42037,201.92,200.05
42038,204.84,203
42039,204.06,203.92
42040,206.12,204.86
42041,205.55,206.56
42044,204.63,204.77
42045,206.81,205.88
42046,206.93,206.61
42047,208.92,207.89
42048,209.78,209.07
42052,210.11,209.4
42053,210.13,209.66
42054,209.98,209.41
42055,211.239,209.48
42058,211.209,210.94
42059,211.81,211.12
42060,211.63,211.66
42061,211.38,211.52
42062,210.66,211.26
42065,211.99,210.78
42066,211.12,211.47
42067,210.2301,210.4
42068,210.46,210.62
42069,207.5,209.42
42072,208.36,207.74
42073,204.98,206.71
42074,204.5,205.29
42075,207.1,205.26
42076,205.8272,206.77
42079,208.58,206.71
42080,207.96,207.69
42081,210.46,207.39
42082,209.5,209.96
42083,210.41,209.71
42086,210,210.42
42087,208.82,209.85
42088,205.76,209.07
42089,205.27,204.96
42090,205.74,205.13
42093,208.25,206.98
42094,206.43,207.26
42095,205.7,206.39
42096,206.435,205.62
42100,207.83,205.37
42101,207.28,207.855
42102,207.975,207.55
42103,208.9,207.78
42104,210.04,209.2
42107,209.09,209.87
42108,209.49,208.85
42109,210.43,210.05
42110,210.37,210.03
42111,207.95,208.94
42114,209.85,209.06
42115,209.6,210.67
42116,210.63,210.01
42117,211.16,210.15
42118,211.6499,211.66
42121,210.77,212.33
42122,211.44,210.74
42123,210.57,210.37
42124,208.46,209.88
42125,210.72,209.4
42128,211.32,211.23
42129,208.9,211.03
42130,208.04,209.56
42131,208.87,207.92
42132,211.62,210.88
42135,210.605,211.57
42136,209.98,209.61
42137,210.02,210.47
42138,212.21,211.24
42139,212.44,212.44
42142,213.1,212.24
42143,213.03,213.24
42144,212.88,213.15
42145,213.5,212.71
42146,212.99,213.04
42150,210.7,212.4
42151,212.7,211.25
42152,212.46,212.33
42153,211.14,212.38
42156,211.57,211.94
42157,211.36,211.02
42158,211.92,212
42159,210.1292,211.07
42160,209.77,209.95
42163,208.48,209.64
42164,208.45,208.45
42165,210.95,209.37
42166,211.63,211.48
42167,210.01,210.64
42170,209.11,208.64
42171,210.25,208.93
42172,210.59,210.59
42173,212.78,211.31
42174,210.81,211.46
42177,211.89,211.905
42178,212.04,212.14
42179,210.5,211.72
42180,209.86,211.1
42181,209.82,210.29
42184,205.42,208.045
42185,205.85,207.26
42186,207.5,207.73
42187,207.31,208.07
42191,206.72,205.77
42192,208.02,206.96
42193,204.53,206.42
42194,204.9,207.04
42195,207.48,207.29
42198,209.77,208.99
42199,210.68,209.72
42200,210.61,210.73
42201,212.3,211.87
42202,212.48,212.29
42205,212.59,212.75
42206,211.75,212.43
42207,211.37,210.93
42208,210.18,211.53
42209,208,210.3
42212,206.79,206.94
42213,209.33,207.79
42214,210.77,209.48
42215,210.82,210.16
42216,210.5,211.42
42219,209.79,210.46
42220,209.38,209.7
42221,210.07,210.45
42222,208.35,210.29
42223,207.95,208.16
42226,210.57,209.28
42227,208.67,208.97
42228,208.92,207.11
42229,208.66,208.73
42230,209.42,208.43
42233,210.59,208.71
42234,209.98,210.26
42235,208.32,209.09
42236,203.97,206.51
42237,197.83,201.73
42240,189.5,187.49
42241,187.27,195.43
42242,194.46,192.08
42243,199.27,197.02
42244,199.28,198.5
42247,197.67,198.11
42248,191.77,193.12
42249,195.41,194.62
42250,195.55,196.26
42251,192.59,192.85
42255,197.43,195.94
42256,194.79,199.32
42257,195.85,194.56
42258,196.74,195.375
42261,196.01,196.95
42262,198.46,196.61
42263,200.18,198.82
42264,199.73,200.02
42265,195.45,195.71
42268,196.46,196.44
42269,193.91,193.88
42270,193.6,194.11
42271,192.9,192.15
42272,192.85,194.64
42275,188.01,191.78
42276,188.12,188.27
42277,191.63,190.37
42278,192.13,192.08
42279,195,189.77
42282,198.47,196.46
42283,197.79,198.31
42284,199.41,198.9
42285,201.21,198.95
42286,201.33,201.38
42289,201.52,201.42
42290,200.25,200.65
42291,199.29,200.18
42292,202.35,200.08
42293,203.27,202.83
42296,203.37,202.5
42297,203.11,202.85
42298,201.85,203.61
42299,205.26,202.98
42300,207.51,207.25
42303,207,207.3
42304,206.6,206.2
42305,208.95,207
42306,208.83,208.35
42307,207.93,209.06
42310,210.39,208.32
42311,211,209.97
42312,210.36,211.35
42313,210.15,210.43
42314,210.04,209.74
42317,208.08,209.31
42318,208.56,207.51
42319,207.74,208.88
42320,204.84,206.5
42321,202.54,204.35
42324,205.62,202.32
42325,205.47,205.99
42326,208.73,206.04
42327,208.55,208.59
42328,209.3108,209.45
42331,209.07,209.38
42332,209.35,207.87
42333,209.32,209.5
42335,209.56,209.43
42338,208.69,209.75
42339,210.68,209.44
42340,208.529,210.615
42341,205.61,208.83
42342,209.62,206.08
42345,208.35,209.23
42346,206.949,206.49
42347,205.34,206.19
42348,205.87,205.42
42349,201.88,203.35
42352,202.9008,202.07
42353,205.0308,204.7
42354,208.03,206.365
42355,204.86,208.4
42356,200.0208,202.77
42359,201.67,201.41
42360,203.5,202.715
42361,206.02,204.69
42362,205.68,205.72
42366,205.21,204.86
42367,207.4,206.51
42368,205.93,207.11
42369,203.87,205.13
42373,201.0192,200.49
42374,201.36,201.4
42375,198.82,198.34
42376,194.05,195.33
42377,191.923,195.19
42380,192.11,193.01
42381,193.6608,193.82
42382,188.83,194.45
42383,191.93,189.55
42384,187.81,186.77
42388,188.06,189.96
42389,185.65,185.03
42390,186.69,186.21
42391,190.52,189.78
42394,187.64,189.92
42395,190.2,188.42
42396,188.13,189.58
42397,189.11,189.96
42398,193.7208,190.02
42401,193.65,192.53
42402,190.16,191.96
42403,191.3,191.41
42404,191.6,190.71
42405,187.95,190.99
42408,185.42,185.77
42409,185.43,183.36
42410,185.27,186.41
42411,182.86,182.34
42412,186.63,184.96
42416,189.78,188.77
42417,192.88,191.16
42418,192.09,193.2
42419,192,191.17
42422,194.78,193.87
42423,192.32,194
42424,193.2,190.63
42425,195.54,193.73
42426,195.0892,196.57
42429,193.56,195.11
42430,198.11,195.01
42431,199,197.74
42432,199.775,198.79
42433,200.43,200.01
42436,200.59,199.34
42437,198.4,199.32
42438,199.38,199.36
42439,199.54,199.96
42440,202.76,201.26
42443,202.5,202.16
42444,202.17,201.36
42445,203.34,201.6
42446,204.63,203.24
42447,204.38,204.17
42450,204.67,204.07
42451,204.56,203.76
42452,203.2092,204.11
42453,203.12,202
42457,203.24,203.61
42458,205.1208,202.76
42459,206.02,206.3
42460,205.52,205.91
42461,206.92,204.35
42464,206.25,206.83
42465,204.1892,204.67
42466,206.42,204.29
42467,203.95,205.14
42468,204.4992,205.34
42471,204.0201,205.25
42472,205.92,204.22
42473,208.0008,207
42474,208.01,208.07
42475,207.78,208.01
42478,209.2392,207.14
42479,209.9,209.74
42480,210.1,209.95
42481,208.97,210.12
42482,208.97,208.55
42485,208.61,208.26
42486,208.9192,209.04
42487,209.35,208.47
42488,207.4475,208.46
42489,206.3308,206.72
42492,207.97,206.92
42493,206.1592,206.52
42494,205.01,204.99
42495,204.97,205.56
42496,205.72,204.06
42499,205.8892,205.57
42500,208.45,206.72
42501,206.5,207.91
42502,206.56,207.29
42503,204.76,206.21
42506,206.78,204.96
42507,204.8508,206.46
42508,204.91,204.44
42509,204.2,204.06
42510,205.49,204.92
42513,205.21,205.51
42514,207.87,206.17
42515,209.28,208.67
42516,209.34,209.44
42517,210.24,209.53
42521,209.84,210.56
42522,210.27,209.12
42523,210.91,209.8
42524,210.28,210.25
42527,211.35,210.7
42528,211.68,211.525
42529,212.37,211.84
42530,212.08,211.51
42531,210.07,210.46
42534,208.4492,209.36
42535,208.04,208
42536,207.75,208.54
42537,208.37,206.73
42538,206.52,207.17
42541,207.85,208.82
42542,208.44,208.3
42543,208.1,208.65
42544,210.81,209.81
42545,203.13,203.63
42548,199.6,201.59
42549,203.1997,201.48
42550,206.66,204.84
42551,209.475,207.21
42552,209.9208,209.36
42556,208.41,208.95
42557,209.66,207.83
42558,209.526,209.87
42559,212.65,211.05
42562,213.4,213.19
42563,214.95,214.53
42564,214.92,215.44
42565,216.12,216.4
42566,215.83,216.78
42569,216.4092,215.97
42570,216.19,215.92
42571,217.085,216.75
42572,216.265,216.96
42573,217.24,216.41
42576,216.65,217
42577,216.75,216.53
42578,216.52,217.19
42579,216.77,216.29
42580,217.12,216.46
42583,216.94,217.19
42584,215.5492,216.65
42585,216.18,215.48
42586,216.4097,216.31
42587,218.18,217.21
42590,218.05,218.4
42591,218.18,218.13
42592,217.64,218.31
42593,218.65,218.26
42594,218.46,218.29
42597,219.09,218.89
42598,217.96,218.6
42599,218.37,218
42600,218.86,218.34
42601,218.54,218.31
42604,218.53,218.26
42605,218.97,219.25
42606,217.85,218.8
42607,217.7,217.4
42608,217.29,217.92
42611,218.3608,217.44
42612,218,218.26
42613,217.38,217.61
42614,217.39,217.37
42615,218.37,218.39
42619,219.0308,218.7
42620,219.01,218.84
42621,218.51,218.62
42622,213.28,216.97
42625,216.34,212.39
42626,213.23,214.84
42627,213.15,213.29
42628,215.28,212.96
42629,213.37,213.48
42632,213.41,214.13
42633,213.42,214.41
42634,215.82,214.24
42635,217.18,217
42636,215.99,216.72
42639,214.24,215.02
42640,215.57,214.05
42641,216.64,215.83
42642,214.68,216.4
42643,216.3,215.65
42646,215.78,215.82
42647,214.68,215.91
42648,215.63,215.41
42649,215.78,215.37
42650,215.04,216.1
42653,216.16,216.155
42654,213.43,215.66
42655,213.71,213.59
42656,213.01,212.16
42657,213.12,214.15
42660,212.38,213.09
42661,213.71,214.24
42662,214.28,214.02
42663,213.88,213.87
42664,213.98,212.96
42667,214.89,215
42668,214.17,214.68
42669,213.74,213.21
42670,213.17,214.58
42671,212.54,213.14
42674,212.55,212.93
42675,211.01,212.93
42676,209.74,210.65
42677,208.78,209.99
42678,208.55,208.91
42681,213.15,211.45
42682,214.11,212.69
42683,216.3792,212.37
42684,216.92,217.3
42685,216.42,216.08
42688,216.59,217.03
42689,218.28,217.04
42690,217.87,217.56
42691,218.99,218.05
42692,218.5,219.07
42695,220.15,219.17
42696,220.58,220.51
42697,220.7,219.98
42698,,
42699,221.52,221.1
42702,220.48,221.16
42703,220.91,220.52
42704,220.38,221.63
42705,219.57,220.73
42706,219.68,219.67
42709,221,220.65
42710,221.7,221.22
42711,224.6,221.52
42712,225.15,224.57
42713,226.51,225.41
42716,226.25,226.4
42717,227.76,227.02
42718,225.88,227.41
42719,226.81,226.16
42720,225.04,226.01
42723,225.53,225.25
42724,226.4,226.15
42725,225.77,226.25
42726,225.38,225.6
42727,225.71,225.43
42730,,
42731,226.27,226.02
42732,224.4,226.57
42733,224.35,224.48
42734,223.53,224.73
42737,,
42738,225.24,225.04
42739,226.58,225.62
42740,226.4,226.27
42741,227.21,226.53
42744,226.46,226.91
42745,226.46,226.48
42746,227.1,226.36
42747,226.53,226.5
42748,227.05,226.73
42751,,
42752,226.25,226.31
42753,226.75,226.535
42754,225.91,226.84
42755,226.74,226.7
42758,226.15,226.35
42759,227.6,226.4
42760,229.57,228.7
42761,229.33,229.4
42762,228.97,229.42
42765,227.55,228.17
42766,227.53,226.98
42767,227.62,228.255
42768,227.77,227.2
42769,229.34,228.82
42772,228.93,228.87
42773,228.94,229.38
42774,229.24,228.61
42775,230.6,229.56
42776,231.51,231
42779,232.77,232.08
42780,233.7,232.56
42781,234.92,233.45
42782,234.72,234.96
42783,235.09,233.95
42786,,
42787,236.49,235.52
42788,236.28,236.02
42789,236.44,236.88
42790,236.74,235.46
42793,237.11,236.64
42794,236.47,236.67
42795,239.78,238.39
42796,238.27,239.56
42797,238.42,238.17
42800,237.71,237.5
42801,237,237.36
42802,236.56,237.34
42803,236.86,236.7
42804,237.69,237.97
42807,237.81,237.62
42808,236.9,237.18
42809,238.95,237.56
42810,238.48,239.11
42811,237.03,237.75
42814,236.77,237.03
42815,233.73,237.47
42816,234.28,233.77
42817,234.03,234
42818,233.86,234.38
42821,233.62,231.93
42822,235.32,233.27
42823,235.54,234.99
42824,236.29,235.47
42825,235.74,235.9
42828,235.33,235.8
42829,235.48,235
42830,234.78,236.26
42831,235.44,234.94
42832,235.2,235.15
42835,235.34,235.36
42836,235.06,234.9
42837,234.03,234.74
42838,232.51,233.64
42839,-5000,-5000
42842,234.57,233.11
42843,233.87,233.72
42844,233.44,234.52
42845,235.34,234.15
42846,234.59,235.25
42849,237.17,237.18
42850,238.55,237.91
42851,238.4,238.51
42852,238.6,238.77
42853,238.08,238.9
42856,238.68,238.68
42857,238.77,238.84
42858,238.48,238.29
42859,238.76,238.83
42860,239.7,239.19
42863,239.66,239.75
42864,239.44,239.96
42865,239.87,239.39
42866,239.38,239.35
42867,238.98,239.09
42870,240.3,239.47
42871,240.08,240.64
42872,235.82,238.1
42873,236.77,235.73
42874,238.31,237.33
42877,239.52,238.9
42878,240.05,239.95
42879,240.61,240.32
42880,241.76,241.2
42881,241.71,241.54
42884,-5000,-5000
42885,241.5,241.34
42886,241.44,241.84
42887,243.36,241.97
42888,244.17,243.42
42891,243.99,243.97
42892,243.21,243.34
42893,243.66,243.6
42894,243.78,243.77
42895,243.41,244.09
42898,243.36,243.13
42899,244.55,243.98
42900,244.24,244.86
42901,243.77,242.68
42902,242.64,242.77
42905,244.66,243.59
42906,243.01,244.25
42907,242.95,243.42
42908,242.84,242.96
42909,243.13,242.91
42912,243.29,243.9
42913,241.33,243.04
42914,243.49,242.5
42915,241.35,243.66
42916,241.8,242.28
42919,242.21,242.88
42921,242.77,242.63
42922,240.55,241.89
42923,242.11,241.21
42926,242.37,241.95
42927,242.19,242.16
42928,244.01,243.3
42929,244.42,244.02
42930,245.56,244.43
42933,245.53,245.47
42934,245.66,245.06
42935,246.99,246.02
42936,247.1,247.28
42937,246.88,246.44
42940,246.82,246.79
42941,247.42,247.68
42942,247.43,247.75
42943,247.2,247.96
42944,246.91,246.65
42947,246.77,247.37
42948,247.32,247.46
42949,247.44,247.47
42950,246.96,247.31
42951,247.41,247.52
42954,247.87,247.49
42955,247.26,247.51
42956,247.25,246.47
42957,243.76,246.29
42958,244.12,244.02
42961,246.54,245.59
42962,246.51,246.98
42963,246.94,247.11
42964,243.09,246.24
42965,242.71,242.9
42968,242.9,242.64
42969,245.44,243.57
42970,244.56,244.33
42971,243.99,245
42972,244.56,244.9
42975,244.57,245.17
42976,244.85,243.06
42977,246.01,244.83
42978,247.49,246.72
42979,247.84,247.92
42983,246.06,247.26
42984,246.9,246.84
42985,246.87,247.25
42986,246.58,246.54
42989,249.21,248.04
42990,250.05,249.63
42991,250.17,249.72
42992,250.09,249.8
42993,249.19,248.69
42996,249.72,249.61
42997,249.97,250
42998,250.06,250.07
42999,249.39,249.88
43000,249.44,249.05
43003,248.93,249.15
43004,249.08,249.42
43005,250.05,249.88
43006,250.35,249.73
43007,251.23,250.34
43010,252.32,251.49
43011,252.86,252.46
43012,253.16,252.69
43013,254.66,253.54
43014,254.37,254.15
43017,253.95,254.63
43018,254.62,254.6
43019,255.02,254.51
43020,254.64,254.66
43021,254.95,255.14
43024,255.29,255.21
43025,255.47,255.23
43026,255.72,255.9
43027,255.79,254.83
43028,257.1101,256.7
43031,256.1101,257.48
43032,256.5601,256.6001
43033,255.29,256.1799
43034,255.62,255.99
43035,257.71,256.47
43038,256.75,257.07
43039,257.15,257.18
43040,257.49,258.04
43041,257.59,257.41
43042,258.45,257.77
43045,258.85,258.3
43046,258.67,258.97
43047,259.11,258.47
43048,258.17,257.73
43049,258.09,257.73
43052,258.33,257.31
43053,257.73,257.41
43054,256.44,256.62
43055,258.62,257.52
43056,257.86,258.22
43059,258.3,258.14
43060,259.99,259.18
43061,259.76,260
43063,260.36,260.32
43066,260.23,260.41
43067,262.87,260.76
43068,262.71,263.02
43069,265.01,263.76
43070,264.46,264.76
43073,264.14,266.31
43074,263.19,264.43
43075,263.24,262.87
43076,264.07,263.09
43077,265.51,264.99
43080,266.31,265.58
43081,266.78,266.57
43082,266.75,267.06
43083,265.66,267.09
43084,266.51,265.45
43087,268.2,268.1
43088,267.17,268.48
43089,267.03,268.27
43090,267.58,267.74
43091,267.51,267.6
43095,267.19,267.05
43096,267.32,267.38
43097,267.87,267.89
43098,266.86,268.53
43102,268.77,267.84
43103,270.47,268.96
43104,271.61,271.2
43105,273.42,272.51
43108,273.92,273.31
43109,274.54,274.4
43110,274.12,273.68
43111,276.12,274.75
43112,277.92,276.42
43116,276.97,279.35
43117,279.61,278.03
43118,279.14,279.48
43119,280.41,279.8
43122,282.69,280.17
43123,283.29,282.74
43124,283.18,284.02
43125,283.3,284.16
43126,286.58,284.25
43129,284.68,285.93
43130,281.76,282.6
43131,281.9,282.73
43132,281.58,281.07
43133,275.45,280.08
43136,263.93,273.45
43137,269.13,259.94
43138,267.67,268.5
43139,257.63,268.01
43140,261.5,260.8
43143,265.34,263.83
43144,266,263.97
43145,269.59,264.31
43146,273.03,271.57
43147,273.11,272.32
43151,271.4,272.03
43152,270.05,271.9
43153,270.4,271.1
43154,274.71,271.79
43157,277.9,275.93
43158,274.43,278.11
43159,271.65,275.68
43160,267.7,271.41
43161,269.08,265.8
43164,272.19,267.73
43165,272.88,273.3
43166,272.78,270.42
43167,274.1,273.55
43168,278.87,275.7
43171,278.52,279.2
43172,276.72,279.84
43173,275.3,277.81
43174,275,275.88
43175,274.2,274.5
43178,270.49,273.35
43179,270.95,270.94
43180,270.43,270.9
43181,263.67,267.91
43182,258.05,264.17
43185,265.11,262.13
43186,260.6,266.17
43187,259.83,260.75
43188,263.15,261.12
43192,257.47,262.55
43193,260.77,258.87
43194,263.56,256.75
43195,265.64,265.55
43196,259.72,263.42
43199,261,261.37
43200,265.15,264.27
43201,263.76,263.47
43202,265.93,265.26
43203,265.15,267.41
43206,267.33,267
43207,270.19,269.33
43208,270.39,270.69
43209,268.89,269.65
43210,266.61,268.81
43213,266.57,267.26
43214,262.98,267.73
43215,263.63,262.91
43216,266.31,264.79
43217,266.56,267
43220,264.51,267.26
43221,264.98,263.87
43222,263.2,264.76
43223,262.62,262.26
43224,266.02,261.52
43227,266.92,266.89
43228,266.92,266.5
43229,269.5,267.68
43230,272.02,270.34
43231,272.85,272.16
43234,272.98,273.34
43235,271.1,271.59
43236,272.24,271.14
43237,272.01,271.94
43238,271.33,271.62
43241,273.37,273.01
43242,272.61,273.96
43243,273.36,271.17
43244,272.8,272.91
43245,272.15,272.15
43249,269.02,270.31
43250,272.61,270.5
43251,270.94,272.15
43252,273.6,272.41
43255,274.9,274.53
43256,275.1,275.05
43257,277.4,275.79
43258,277.37,277.95
43259,278.19,276.85
43262,278.56,278.44
43263,278.92,279.03
43264,278.03,279.19
43265,278.73,279.01
43266,277.13,276.6
43269,276.56,275.49
43270,275.5,274
43271,275.97,276.27
43272,274.24,275.96
43273,274.74,275.66
43276,271,273.44
43277,271.6,271.64
43278,269.35,272.26
43279,270.89,269.29
43280,271.28,272.12
43283,271.86,269.51
43284,270.9,272.87
43286,273.11,272.17
43287,275.42,273.14
43290,277.9,276.55
43291,278.9,278.41
43292,276.86,277.15
43293,279.37,278.28
43294,279.59,279.17
43297,279.34,279.64
43298,280.47,278.47
43299,281.06,280.56
43300,280,280.31
43301,279.68,279.77
